{"i":1000,"val_loss_history":[1.6464019075153],"val_loss_history_it":[1000],"forward_backward_times":{},"opt":{"max_epochs":50,"checkpoint_every":1000,"batch_size":50,"memory_benchmark":0,"init_from":"","grad_clip":5,"model_type":"lstm","lr_decay_every":5,"print_every":1,"wordvec_size":64,"seq_length":50,"input_json":"data\/war_and_peace\/wap_onesentence.json","num_layers":2,"input_h5":"data\/war_and_peace\/wap_onesentence.h5","reset_iterations":1,"rnn_size":128,"dropout":0,"checkpoint_name":"cv\/checkpoint","batchnorm":0,"learning_rate":0.002,"speed_benchmark":0,"gpu_backend":"cuda","lr_decay_factor":0.5,"gpu":0},"train_loss_history":[4.6529107093811,4.5596194267273,4.4054398536682,4.1290459632874,3.878365278244,3.6295959949493,3.4611687660217,3.3201112747192,3.2860538959503,3.1839106082916,3.1479408740997,3.1518211364746,3.1311850547791,3.146693944931,3.1414182186127,3.1696066856384,3.0983378887177,3.1063237190247,3.1578621864319,3.1186301708221,3.1103792190552,3.1444778442383,3.1239764690399,3.0989892482758,3.1032831668854,3.0985238552094,3.1282176971436,3.1169567108154,3.057599067688,3.0505020618439,3.1116242408752,3.1046893596649,3.0999286174774,3.0680785179138,3.0838093757629,3.0502049922943,3.0770163536072,3.0137040615082,3.0479662418365,3.0442597866058,3.0743956565857,3.0909061431885,2.9825279712677,3.0651321411133,3.0396711826324,2.9908037185669,3.0634338855743,2.9949858188629,2.9818396568298,2.9785134792328,2.9739961624146,2.9190089702606,2.9267210960388,2.9139080047607,3.0020940303802,2.872141122818,2.9077553749084,2.8662226200104,2.8073058128357,2.8015322685242,2.8655831813812,2.7997751235962,2.7456681728363,2.8128819465637,2.7718458175659,2.8073828220367,2.7643616199493,2.7630951404572,2.673627614975,2.7889816761017,2.7765898704529,2.8272526264191,2.6644473075867,2.6818754673004,2.6759214401245,2.7287802696228,2.66219830513,2.7012422084808,2.7115776538849,2.6915743350983,2.6572821140289,2.7286374568939,2.6537997722626,2.596602678299,2.6351687908173,2.5498476028442,2.6152505874634,2.6253130435944,2.6369104385376,2.5632061958313,2.5897817611694,2.5737266540527,2.5451686382294,2.4634625911713,2.4855620861053,2.5124881267548,2.5582463741302,2.4910323619843,2.5424659252167,2.5571315288544,2.5561101436615,2.4807260036469,2.4863874912262,2.5176832675934,2.4523723125458,2.4880030155182,2.4476194381714,2.4274950027466,2.4589884281158,2.4704668521881,2.4883811473846,2.5010418891907,2.4351980686188,2.4131247997284,2.4169471263885,2.4139699935913,2.4274528026581,2.3472881317139,2.3909649848938,2.4068624973297,2.4141001701355,2.3933165073395,2.3562982082367,2.393657207489,2.3787727355957,2.3860614299774,2.3700878620148,2.3477346897125,2.2827146053314,2.3206412792206,2.3320441246033,2.3370966911316,2.3170516490936,2.3230481147766,2.2669477462769,2.3048965930939,2.3089258670807,2.3106620311737,2.3651254177094,2.2933225631714,2.3148317337036,2.2964313030243,2.2255465984344,2.2469172477722,2.2555108070374,2.2366290092468,2.2530512809753,2.2966933250427,2.299813747406,2.2563178539276,2.2128813266754,2.2415637969971,2.1796431541443,2.2835924625397,2.2316911220551,2.245765209198,2.2545118331909,2.2598648071289,2.1705207824707,2.2209694385529,2.2130923271179,2.2614245414734,2.2376646995544,2.215635061264,2.1781351566315,2.2498505115509,2.1777584552765,2.2487070560455,2.1309230327606,2.2049252986908,2.2067081928253,2.2216384410858,2.1583015918732,2.1948511600494,2.1484942436218,2.1742973327637,2.1889741420746,2.1538677215576,2.1633343696594,2.2005522251129,2.1768751144409,2.1607801914215,2.1579391956329,2.1563267707825,2.2086741924286,2.2281515598297,2.2101719379425,2.2020943164825,2.1717121601105,2.13059258461,2.2083566188812,2.1260936260223,2.1678807735443,2.2360427379608,2.1882791519165,2.2036876678467,2.1438992023468,2.1879951953888,2.1162073612213,2.191018819809,2.1207096576691,2.1539232730865,2.1973881721497,2.12668633461,2.1398887634277,2.1153888702393,2.1276814937592,2.1319625377655,2.1621103286743,2.0827977657318,2.1302316188812,2.1379950046539,2.1069097518921,2.0708014965057,2.1475949287415,2.1227054595947,2.1042082309723,2.1070098876953,2.0685830116272,2.1629946231842,2.1184091567993,2.1051094532013,2.0635147094727,2.1226537227631,2.0882923603058,2.1304244995117,2.1653227806091,2.0869073867798,2.055294752121,2.0621206760406,2.0756342411041,2.1064450740814,2.1382350921631,2.0348305702209,2.1167306900024,2.0490612983704,2.1064338684082,2.1265602111816,2.0847976207733,2.0975015163422,2.0949141979218,2.1184139251709,2.0583317279816,2.0209453105927,2.0943434238434,2.0579934120178,2.0395748615265,2.1108849048615,1.968754529953,2.001490354538,2.0709090232849,2.0608332157135,2.0344092845917,2.0537889003754,2.0417439937592,2.0558280944824,2.0168931484222,2.0082094669342,2.0599040985107,2.0018424987793,2.0651664733887,2.0291936397552,2.0664739608765,2.062162399292,2.0205030441284,2.0527746677399,2.116189956665,2.048712015152,2.0018146038055,2.0035066604614,2.0777456760406,1.9820072650909,2.0704448223114,2.0135746002197,1.994495511055,2.0104780197144,2.0319514274597,1.988618016243,1.9963537454605,1.9777164459229,1.9907621145248,2.0587043762207,2.028139591217,1.9919666051865,1.9749011993408,2.0563430786133,2.0506880283356,2.012220621109,2.0104393959045,2.0187232494354,2.0236539840698,2.0781562328339,1.9903573989868,2.0052800178528,1.9969685077667,2.0521252155304,1.9959795475006,2.0070176124573,2.0614671707153,2.0124878883362,2.0079624652863,1.9717085361481,2.0320987701416,1.9658827781677,1.990589261055,1.9859087467194,1.9893841743469,1.9584453105927,1.9658089876175,2.0514590740204,1.9954501390457,2.0358304977417,1.9367079734802,1.966002702713,2.0248465538025,2.0146782398224,1.9734171628952,1.935558795929,1.9450451135635,1.9609335660934,2.004599571228,1.9651435613632,1.9292129278183,1.9732660055161,1.912743806839,1.9281437397003,2.0100812911987,1.9872591495514,1.9782668352127,1.9566285610199,1.9009740352631,1.8893874883652,1.9643579721451,1.9499771595001,1.8632797002792,1.9450107812881,1.9374684095383,1.8884497880936,1.97378885746,2.038115978241,1.9290196895599,1.9191583395004,1.9431052207947,1.9120842218399,1.9687558412552,1.972447514534,1.9127184152603,1.9217281341553,1.9256114959717,1.9318305253983,1.9005312919617,2.0203835964203,1.9845564365387,1.9527071714401,1.9321218729019,1.9126238822937,1.8930710554123,1.931872844696,1.9292200803757,1.9429103136063,1.93698823452,1.9456166028976,1.9292248487473,1.9393129348755,1.9060685634613,1.8700553178787,1.9377697706223,1.8831888437271,1.8418675661087,1.9199986457825,1.9525507688522,1.8839679956436,1.9348359107971,1.9498269557953,1.8995271921158,1.9191398620605,1.8926187753677,1.8858245611191,1.9071506261826,1.8901153802872,1.8757482767105,1.8482632637024,1.892746090889,1.9899550676346,1.8971133232117,1.9246107339859,1.9209773540497,1.9359259605408,1.9075267314911,1.8780952692032,1.9363471269608,1.8670636415482,1.8895982503891,1.8660637140274,1.8519679307938,1.8724179267883,1.8666132688522,1.9037767648697,1.9269191026688,1.8947243690491,1.8788371086121,1.905860543251,1.9583797454834,1.9134879112244,1.8607963323593,1.8908205032349,1.8739668130875,1.9261320829391,1.9110670089722,1.8562318086624,1.921950340271,1.9604430198669,1.8842709064484,1.8602619171143,1.8578330278397,1.9133411645889,1.8610701560974,1.9150387048721,1.9131661653519,1.8793627023697,1.8280539512634,1.7863745689392,1.8329583406448,1.8426189422607,1.8825474977493,1.8662109375,1.9010835886002,1.8558613061905,1.8432706594467,1.8805814981461,1.8599144220352,1.8779785633087,1.8859407901764,1.8397550582886,1.8558968305588,1.8694525957108,1.8778544664383,1.8914052248001,1.8006341457367,1.8579396009445,1.8814367055893,1.8499068021774,1.8616349697113,1.8552285432816,1.8705121278763,1.8565039634705,1.8176511526108,1.8506467342377,1.8049062490463,1.8221832513809,1.8486022949219,1.8741167783737,1.7982931137085,1.7541363239288,1.8302345275879,1.8235994577408,1.8002296686172,1.8833647966385,1.851388335228,1.8318957090378,1.7962619066238,1.8744312524796,