{"i":1000,"val_loss_history":[2.6041718927431],"val_loss_history_it":[1000],"forward_backward_times":{},"opt":{"max_epochs":50,"checkpoint_every":1000,"batch_size":50,"memory_benchmark":0,"init_from":"","grad_clip":5,"model_type":"lstm","lr_decay_every":5,"print_every":1,"wordvec_size":64,"seq_length":50,"input_json":"data\/russian_bots\/russianbots.json","num_layers":2,"input_h5":"data\/russian_bots\/russianbots.h5","reset_iterations":1,"rnn_size":128,"dropout":0,"checkpoint_name":"cv\/checkpoint","batchnorm":0,"learning_rate":0.002,"speed_benchmark":0,"gpu_backend":"cuda","lr_decay_factor":0.5,"gpu":0},"train_loss_history":[7.7546343803406,7.6550116539001,7.5066728591919,7.2498087882996,6.9394822120667,6.5690312385559,6.1917695999146,5.7671451568604,5.3925161361694,4.9773864746094,4.6268668174744,4.312319278717,4.0596647262573,3.8307311534882,3.7292890548706,3.6284284591675,3.6447718143463,3.6097292900085,3.5881695747375,3.6040449142456,3.7073330879211,3.6534159183502,3.4964938163757,3.4772918224335,3.411027431488,3.5050375461578,3.5288355350494,3.5461444854736,3.4827952384949,3.4838652610779,3.4736320972443,3.5795180797577,3.5583844184875,3.4922559261322,3.4377343654633,3.4822475910187,3.4557957649231,3.4497156143188,3.4604339599609,3.5689854621887,3.4814319610596,3.501213312149,3.5249838829041,3.574857711792,3.8020207881927,3.5121903419495,3.5129842758179,3.4131383895874,3.5236632823944,3.7120020389557,3.6756238937378,3.5261659622192,3.514023065567,3.4805054664612,3.4383401870728,3.4796438217163,3.4978468418121,3.4549238681793,3.477662563324,3.5066277980804,3.4890270233154,3.4738874435425,3.4410374164581,3.429306268692,3.5027327537537,3.4942936897278,3.5142273902893,3.4773445129395,3.5097835063934,3.4362468719482,3.462126493454,3.5754449367523,3.573534488678,3.6125762462616,3.5177550315857,3.4666559696198,3.4841866493225,3.4778528213501,3.4079668521881,3.4257547855377,3.4552917480469,3.461058139801,3.4285242557526,3.4003086090088,3.433336019516,3.4734792709351,3.4249210357666,3.4426867961884,3.5484113693237,3.6846249103546,3.5759406089783,3.5704653263092,3.5291469097137,3.3969972133636,3.5115566253662,3.5358006954193,3.4807281494141,3.4716355800629,3.3467514514923,3.468658208847,3.3870120048523,3.5119121074677,3.4460432529449,3.4768288135529,3.5069644451141,3.433601140976,3.484251499176,3.5674710273743,3.6291418075562,3.6291282176971,3.4887492656708,3.3985710144043,3.4200131893158,3.5556602478027,3.4870893955231,3.4618277549744,3.4424018859863,3.4199817180634,3.5240366458893,3.4411787986755,3.4419286251068,3.4807417392731,3.5691547393799,3.6860871315002,3.5575475692749,3.4977703094482,3.4766719341278,3.5197370052338,3.5016624927521,3.4238243103027,3.4994823932648,3.4686813354492,3.4785749912262,3.4741554260254,3.5236790180206,3.6453566551208,3.5445508956909,3.5601160526276,3.4079613685608,3.3436231613159,3.4363415241241,3.4565007686615,3.4560546875,3.4814319610596,3.4877545833588,3.4934203624725,3.5176608562469,3.5032382011414,3.5445699691772,3.3971445560455,3.4568078517914,3.4318523406982,3.4454445838928,3.4600374698639,3.4052965641022,3.4414131641388,3.6933238506317,3.6980850696564,3.5063621997833,3.4581575393677,3.413480758667,3.4286324977875,3.4399445056915,3.4139542579651,3.4915585517883,3.4999206066132,3.4320003986359,3.4231684207916,3.4883410930634,3.4301199913025,3.463739156723,3.5437996387482,3.4163413047791,3.4400386810303,3.3664858341217,3.3624265193939,3.4965770244598,3.4688699245453,3.4312644004822,3.4480330944061,3.4315807819366,3.3951804637909,3.3785507678986,3.4767465591431,3.3890340328217,3.3903975486755,3.4009518623352,3.3986723423004,3.4514317512512,3.4303457736969,3.4809288978577,3.3638398647308,3.4775407314301,3.3984043598175,3.5902886390686,3.5947358608246,3.4573168754578,3.4483871459961,3.3915569782257,3.4336059093475,3.4333519935608,3.4368379116058,3.4482085704803,3.4535136222839,3.4252038002014,3.3908078670502,3.4165816307068,3.4754316806793,3.4690356254578,3.439989566803,3.4712269306183,3.4463527202606,3.4481410980225,3.3897035121918,3.3697714805603,3.4953877925873,3.5283441543579,3.3925182819366,3.3553438186646,3.4955785274506,3.3630151748657,3.4288613796234,3.4694879055023,3.395881652832,3.3439831733704,3.3936519622803,3.3441233634949,3.3807363510132,3.454217672348,3.4814789295197,3.4391696453094,3.430389881134,3.4146554470062,3.4562706947327,3.4363687038422,3.4309577941895,3.4357678890228,3.3752448558807,3.3912069797516,3.4235863685608,3.476464509964,3.3762340545654,3.3267049789429,3.3752913475037,3.3686497211456,3.3145968914032,3.3818457126617,3.3181493282318,3.3473484516144,3.4481682777405,3.3835444450378,3.2992079257965,3.3820731639862,3.3931858539581,3.3494668006897,3.3984394073486,3.5551109313965,3.3329949378967,3.3484468460083,3.4511382579803,3.3568332195282,3.3301565647125,3.3744151592255,3.3839757442474,3.4318945407867,3.3725805282593,3.3167448043823,3.3525536060333,3.3826761245728,3.3459391593933,3.401763677597,3.454704284668,3.325670003891,3.3427782058716,3.3691198825836,3.3574016094208,3.3397374153137,3.2767624855042,3.3712303638458,3.3017840385437,3.3772714138031,3.5612192153931,3.5611546039581,3.4555389881134,3.3585741519928,3.3418366909027,3.3995456695557,3.3395745754242,3.3664782047272,3.3733878135681,3.3383128643036,3.3187472820282,3.3717606067657,3.3519444465637,3.3653848171234,3.3665819168091,3.3535723686218,3.3582582473755,3.4395711421967,3.4314901828766,3.4214973449707,3.3976335525513,3.3398292064667,3.3425168991089,3.3276135921478,3.2989528179169,3.3451843261719,3.3529026508331,3.4386293888092,3.2221777439117,3.3126051425934,3.485053062439,3.3499104976654,3.2882163524628,3.3095684051514,3.3546640872955,3.2990097999573,3.251252412796,3.3541684150696,3.3033828735352,3.2896816730499,3.2546608448029,3.3216862678528,3.3307230472565,3.2781662940979,3.2915480136871,3.4337637424469,3.2658834457397,3.2932190895081,3.3538370132446,3.4358162879944,3.3172035217285,3.3749668598175,3.3091702461243,3.3296315670013,3.2697703838348,3.3165311813354,3.2869234085083,3.3001410961151,3.2686405181885,3.2607614994049,3.2347297668457,3.3555996417999,3.2433953285217,3.2946696281433,3.2227952480316,3.2688498497009,3.4459121227264,3.366058588028,3.269912481308,3.3306543827057,3.3130505084991,3.2749457359314,3.2369565963745,3.3130078315735,3.3821492195129,3.3088207244873,3.3396363258362,3.3485059738159,3.4219501018524,3.3809247016907,3.2718033790588,3.3016796112061,3.2877769470215,3.2675170898438,3.3807713985443,3.3578402996063,3.4011194705963,3.4740753173828,3.3224020004272,3.2411773204803,3.3070011138916,3.3602421283722,3.2634418010712,3.3031897544861,3.5047926902771,3.3072230815887,3.260097026825,3.3617124557495,3.2623426914215,3.1709854602814,3.292013168335,3.2739312648773,3.2028150558472,3.3468539714813,3.3485496044159,3.2932176589966,3.3071889877319,3.1929306983948,3.2428724765778,3.2677371501923,3.3779296875,3.3298738002777,3.2873406410217,3.2637140750885,3.2966542243958,3.2979331016541,3.3151268959045,3.235280752182,3.4101238250732,3.4443609714508,3.4998250007629,3.3137004375458,3.3083214759827,3.3708121776581,3.2938442230225,3.2621719837189,3.2079110145569,3.2867465019226,3.164050579071,3.2759194374084,3.2376260757446,3.2339336872101,3.2570691108704,3.2735295295715,3.2413158416748,3.2312502861023,3.2585289478302,3.2946555614471,3.2476789951324,3.1429257392883,3.2507004737854,3.2645564079285,3.2566246986389,3.2653501033783,3.3028988838196,3.2944793701172,3.285436630249,3.2392766475677,3.2950241565704,3.3562588691711,3.2662174701691,3.21044921875,3.1586768627167,3.2236881256104,3.2349729537964,3.2033288478851,3.3522546291351,3.1933751106262,3.2725675106049,3.2292964458466,3.2608184814453,3.2729024887085,3.2160730361938,3.2249071598053,3.3497421741486,3.4303917884827,3.3677453994751,3.1627616882324,3.2677686214447,3.2595362663269,3.1975123882294,3.2329399585724,3.1972715854645,3.2233448028564,3.2675893306732,3.1958572864532,3.215537071228,3.2059161663055,3.2060215473175,3.1913499832153,3.1790556907654,3.2271497249603,